case,group,baseline_us,candidate_us,delta_us,delta_pct,baseline_drift_pct,output_bytes_shapes_strides_equal,A1_us,B1_us,B2_us,A2_us
qwen_model_packed/4096,model_helper,271.605,58.441500000000005,-213.1635,-78.48290716297565,-0.17620367526289815,True,271.84450000000004,58.7535,58.1295,271.3655
qwen_model_packed/17,model_helper,104.805,24.5205,-80.28450000000001,-76.60369257191928,-1.3335418473393146,True,105.5085,25.0235,24.0175,104.1015
"helios/(2, 17, 8, 128)",direct_kernel,19.517500000000002,14.483749999999999,-5.033750000000003,-25.790956833610878,-0.9027848617770062,True,19.606,14.918,14.049499999999998,19.429000000000002
ltx25/3/7/7,direct_kernel,24.28625,19.48025,-4.805999999999997,-19.788975243193153,-0.16662209696994834,True,24.3065,19.877000000000002,19.0835,24.266
interleaved_fp64/17,direct_kernel,21.137749999999997,17.94075,-3.1969999999999956,-15.12459935423589,-1.0751929230190083,True,21.252,18.3665,17.515,21.0235
"helios/(1, 2160, 40, 128)",direct_kernel,42.53075,37.33925,-5.191499999999998,-12.206462383099282,-0.47967536884572226,True,42.632999999999996,37.7475,36.931,42.4285
"modulate/(1, 512, 3072)",direct_kernel,24.5265,21.91825,-2.608249999999998,-10.634415835932554,-0.9576173182657466,True,24.6445,22.2885,21.548000000000002,24.4085
gelu_cat/17,direct_kernel,20.06125,18.04075,-2.020500000000002,-10.071655554863245,-1.6045689420723486,True,20.2235,18.454,17.627499999999998,19.899
cat_pad/8/6/6,direct_kernel,21.48725,19.43725,-2.0500000000000007,-9.540541483903253,-0.9241673229258396,True,21.587,19.871,19.003500000000003,21.3875
qwen_model_contiguous/17,model_helper,24.483,22.2355,-2.2475000000000023,-9.179839072009155,-2.269423356485234,True,24.764000000000003,22.787,21.683999999999997,24.201999999999998
cat_pad/512/30/52,direct_kernel,25.79325,23.53275,-2.2605000000000004,-8.763920793230785,-0.9664911163840606,True,25.9185,24.012500000000003,23.052999999999997,25.668
"modulate/(2, 1024, 3072)",direct_kernel,29.24175,26.7985,-2.443249999999999,-8.35534808963212,-1.2218955525721165,True,29.4215,27.179000000000002,26.418,29.061999999999998
cat_pad/1024/30/52,direct_kernel,29.915,27.6125,-2.3024999999999984,-7.696807621594514,-0.40699226047504755,True,29.976,28.046,27.179000000000002,29.854
"modulate/(1, 4096, 3072)",direct_kernel,34.0275,31.496499999999997,-2.531000000000006,-7.438101535522756,-1.104730174038826,True,34.216499999999996,31.9225,31.0705,33.8385
qknorm_pack_strided/17,direct_kernel,27.43875,26.054499999999997,-1.3842500000000015,-5.044872670948941,-0.34744329034254173,True,27.4865,26.3755,25.7335,27.391
qknorm_pack_dense/17,direct_kernel,22.514499999999998,21.38625,-1.1282499999999978,-5.011214994781133,-0.39452103373376346,True,22.558999999999997,21.7955,20.977,22.47
"helios/(1, 8640, 40, 128)",direct_kernel,110.781,105.4655,-5.3155,-4.798205468446759,-0.32713754646840343,True,110.9625,105.88900000000001,105.042,110.5995
residual/odd_width/torch.bfloat16,direct_kernel,25.80875,24.618000000000002,-1.1907499999999978,-4.613745338305797,-1.513141450846922,True,26.005499999999998,25.064500000000002,24.1715,25.612000000000002
vdn/1/1,direct_kernel,58.024249999999995,55.4245,-2.599749999999993,-4.480454292817216,-0.4633848587492939,True,58.159,55.878,54.971000000000004,57.8895
"usp/(2, 64, 3, 4, 64)",direct_kernel,18.5305,17.7155,-0.8150000000000013,-4.398154394107023,-1.2068873035455785,True,18.643,18.0325,17.3985,18.418
residual/transposed_small/torch.bfloat16,direct_kernel,36.384499999999996,34.803250000000006,-1.58124999999999,-4.345944014621583,-2.6389303246453832,True,36.870999999999995,35.1445,34.462,35.897999999999996
qwen_model_contiguous/4096,model_helper,58.648,56.124500000000005,-2.5234999999999985,-4.302789523939432,-0.15674515282652068,True,58.694,56.522000000000006,55.727000000000004,58.602000000000004
residual/odd_width/torch.float16,direct_kernel,25.6385,24.538249999999998,-1.1002500000000026,-4.291397702673727,-3.1252999558464833,True,26.045499999999997,24.976,24.1005,25.2315
residual/flux_text/torch.float16,direct_kernel,29.670749999999998,28.429499999999997,-1.2412500000000009,-4.183412957205334,-0.5763446641910086,True,29.7565,28.8925,27.9665,29.585
qknorm_complex_triton/17,direct_kernel,32.33325000000001,31.004,-1.3292500000000054,-4.11109306982752,-0.11900162274941506,True,32.352500000000006,31.363500000000002,30.6445,32.314
interleaved_fp64/4096,direct_kernel,82.15075,78.82849999999999,-3.322250000000011,-4.044089676600649,-0.06510297830916167,True,82.17750000000001,79.20849999999999,78.4485,82.124
vdn/11/7,direct_kernel,60.5595,58.122749999999996,-2.4367500000000035,-4.02372872959652,-0.16499063678134807,True,60.6095,58.581,57.6645,60.5095
residual/flux_text/torch.bfloat16,direct_kernel,30.3175,29.11225,-1.2052499999999995,-3.975426733734644,-0.9911876200009884,True,30.4685,29.569499999999998,28.655,30.1665
residual/transposed_medium/torch.bfloat16,direct_kernel,37.83725,36.35724999999999,-1.480000000000004,-3.911489339209384,-1.480869371319149,True,38.1195,36.650499999999994,36.064,37.555
ltx25/18/17/30,direct_kernel,127.09899999999999,122.15125,-4.947749999999985,-3.892831572238953,-0.20200035369711822,True,127.22749999999999,122.52250000000001,121.78,126.97049999999999
"usp/(4, 33, 2, 4, 100)",direct_kernel,18.92125,18.18875,-0.7325000000000017,-3.8713087137477786,-1.6796373450724267,True,19.0815,18.564,17.8135,18.761000000000003
residual/transposed_small/torch.float16,direct_kernel,36.444,35.153999999999996,-1.2900000000000063,-3.539677313137979,-0.3588107204974045,True,36.5095,35.443,34.865,36.3785
residual/full_gate/torch.bfloat16,direct_kernel,26.557,25.6565,-0.9004999999999974,-3.390819746206264,-0.5070517756201931,True,26.624499999999998,26.097,25.216,26.4895
qknorm_complex_triton/4096,direct_kernel,51.99575,50.2635,-1.7322500000000005,-3.331522287879296,-1.1634799235181514,True,52.3,50.578,49.949,51.691500000000005
residual/full_gate/torch.float16,direct_kernel,26.3935,25.55425,-0.8392499999999998,-3.1797601682232335,-0.7699420656337885,True,26.4955,26.04,25.0685,26.2915
residual/transposed_medium/torch.float16,direct_kernel,37.8615,36.675,-1.1865000000000023,-3.1337902618755242,-0.9646471284005864,True,38.045,36.808499999999995,36.5415,37.678
residual/flux_image/torch.float16,direct_kernel,41.0925,39.817,-1.275500000000001,-3.103972744418082,0.42188947958836653,True,41.006,40.1825,39.4515,41.179
residual/flux_image/torch.bfloat16,direct_kernel,42.244749999999996,40.952999999999996,-1.2917500000000004,-3.0577764100864657,-0.9365391638295639,True,42.4435,41.299499999999995,40.6065,42.046
residual/per_token/torch.float16,direct_kernel,31.436500000000002,30.495250000000002,-0.9412500000000001,-2.994131026036617,-1.015919232838569,True,31.597,30.877000000000002,30.113500000000002,31.276
qknorm_complex_kv/17,direct_kernel,45.3775,44.0805,-1.296999999999997,-2.858244724808545,-1.0086060406731323,True,45.6075,44.3885,43.7725,45.1475
residual/per_token/torch.bfloat16,direct_kernel,31.65525,30.769,-0.8862500000000004,-2.7996935737357953,-1.054268924991364,True,31.823,31.2595,30.2785,31.487499999999997
model_wan_slices/17,model_helper,33.559999999999995,32.72125,-0.8387499999999974,-2.499255065554229,-1.959164404579261,True,33.891999999999996,33.1175,32.325,33.227999999999994
residual/flux2_joint/torch.float16,direct_kernel,56.1035,54.73125,-1.372249999999994,-2.4459258335041367,-0.7546700759997194,True,56.316,55.2245,54.238,55.891
residual/flux2_joint/torch.bfloat16,direct_kernel,56.926500000000004,55.5455,-1.3810000000000073,-2.4259351971401832,-0.3857179174738934,True,57.036500000000004,56.171499999999995,54.9195,56.816500000000005
gelu_cat/4096,direct_kernel,91.99825,90.00975,-1.988500000000002,-2.1614541580953994,-0.09506529627779647,True,92.042,90.385,89.6345,91.9545
sana_silu/torch.contiguous_format,direct_kernel,29.910249999999998,29.28425,-0.6259999999999977,-2.0929280096288028,1.0469004688366423,True,29.7545,29.536,29.0325,30.066
model_glm_ln/4096,model_helper,68.02025,66.77000000000001,-1.250249999999994,-1.8380555790371123,-0.3412268020811182,True,68.1365,67.13900000000001,66.40100000000001,67.904
sana_glu/torch.contiguous_format,direct_kernel,30.5045,29.991,-0.5135000000000005,-1.6833581930534858,0.4172004861863865,True,30.441000000000003,30.4525,29.5295,30.567999999999998
residual/sana_transposed/torch.bfloat16,direct_kernel,137.98125,135.89675,-2.0844999999999914,-1.5107125062281956,-0.6821784931402841,True,138.4535,136.174,135.61950000000002,137.50900000000001
sana_glu/torch.channels_last,direct_kernel,30.881500000000003,30.44025,-0.4412500000000037,-1.428848987257758,0.17501498970975415,True,30.8545,30.6945,30.186,30.9085
sana_silu/torch.channels_last,direct_kernel,30.128500000000003,29.702749999999998,-0.4257500000000043,-1.413113829098711,-0.5593618640982401,True,30.213,30.2185,29.186999999999998,30.044
residual/sana_transposed/torch.float16,direct_kernel,135.46325,133.5905,-1.8727499999999964,-1.3824782736277186,-0.5613035492787577,True,135.84449999999998,133.8725,133.30849999999998,135.082
qknorm_pack_strided/4096,direct_kernel,95.88775,94.75575,-1.1319999999999908,-1.1805470458947975,-0.0005214416819776524,True,95.888,95.3205,94.191,95.88749999999999
qknorm_complex_kv/4096,direct_kernel,72.40299999999999,71.612,-0.7909999999999968,-1.0924961672858835,-1.254460609387864,True,72.86,71.872,71.352,71.946
model_glm_ln/17,model_helper,48.9155,48.42375,-0.49175000000000324,-1.0053050669010966,-0.6743953872170527,True,49.081,48.715,48.1325,48.75
qknorm_pack_dense/4096,direct_kernel,121.12325,119.9615,-1.1617499999999978,-0.9591469845797507,-0.22060582069489687,True,121.257,120.27950000000001,119.6435,120.98949999999999
"usp/(4, 7936, 1, 14, 128)",direct_kernel,83.36275,82.57050000000001,-0.7922499999999957,-0.9503645213239653,-0.3873115074020328,True,83.5245,82.9105,82.2305,83.201
complex_rope/4096,direct_kernel,47.390249999999995,47.0235,-0.36674999999999613,-0.7738933641413537,-0.6970729245521001,True,47.556,47.089,46.958,47.2245
rmsnorm_preserve/4096,direct_kernel,94.225,93.56275,-0.6622500000000002,-0.7028389493234255,-0.8685912337799584,True,94.636,94.055,93.0705,93.814
rmsnorm_preserve/17,direct_kernel,48.4865,48.164,-0.322499999999998,-0.6651335938869574,-0.6188704073030848,True,48.637,48.769999999999996,47.558,48.336
model_ernie_rms/4096,model_helper,55.966,55.6085,-0.3575000000000017,-0.6387806882750313,-0.6216545987299815,True,56.1405,55.902,55.315,55.7915
model_wan_slices/4096,model_helper,42.3625,42.1015,-0.2609999999999957,-0.616110947182047,-1.3831096524644093,True,42.6575,42.6445,41.558499999999995,42.067499999999995
model_glm_qk/4096,model_helper,74.9325,74.72149999999999,-0.21100000000001273,-0.2815867614186285,-0.5430117186720151,True,75.1365,74.987,74.45599999999999,74.7285
model_ernie_rms/17,model_helper,39.53175,39.42875,-0.10300000000000153,-0.2605500641889136,-2.046794606977864,True,39.9405,39.765,39.0925,39.123000000000005
complex_rope/17,direct_kernel,28.747,28.90175,0.15474999999999994,0.538317041778269,1.027972027972024,True,28.6,29.153,28.6505,28.894
qknorm_complex_cuda/4096,direct_kernel,54.5345,54.90425,0.36974999999999625,0.6780111672427536,-0.5157703176011164,True,54.6755,55.256,54.552499999999995,54.3935
model_glm_qk/17,model_helper,40.314,40.635999999999996,0.3219999999999956,0.798729969737555,-1.3011976933313796,True,40.578,40.9565,40.3155,40.05
qknorm_complex_cuda/17,direct_kernel,20.4515,20.79125,0.3397500000000022,1.6612473412708217,0.239878592059517,True,20.427,21.2235,20.359,20.476
silu_mul/4096,direct_kernel,41.341750000000005,42.3615,1.0197499999999948,2.466634818313196,0.08106473079247944,True,41.325,42.852000000000004,41.870999999999995,41.3585
joint_qkv/4096,direct_kernel,71.2445,73.189,1.9444999999999908,2.7293334924099355,-0.4956490692578752,True,71.42150000000001,73.77,72.608,71.0675
joint_qkv/17,direct_kernel,41.808499999999995,43.6815,1.8730000000000047,4.479950249351217,0.9009874822805575,True,41.621,44.0695,43.293499999999995,41.995999999999995
qk_layernorm/4096,direct_kernel,67.48175,70.582,3.1002499999999884,4.594205099897364,-0.2774674253242626,True,67.5755,70.9815,70.1825,67.388
silu_mul/17,direct_kernel,24.21775,25.3515,1.1337500000000027,4.681483622549587,-2.243543942023074,True,24.4925,25.826500000000003,24.8765,23.942999999999998
wan_temb/4096,direct_kernel,38.991,40.872,1.8810000000000002,4.824190197737943,-1.2944324117722061,True,39.245,41.14,40.604,38.736999999999995
layernorm_modulate/4096,direct_kernel,57.28775,60.719,3.4312499999999986,5.989500373116408,-0.5578958362345121,True,57.448,61.229,60.209,57.1275
rotate_half/4096,direct_kernel,39.0775,41.469750000000005,2.392250000000004,6.121809225257513,-1.5161519707436177,True,39.376000000000005,41.908500000000004,41.031000000000006,38.778999999999996
residual_rmsnorm/4096,direct_kernel,76.17349999999999,81.63025,5.456750000000014,7.163580510282475,0.1826448018500848,True,76.104,82.0635,81.197,76.243
rmsnorm_modulate/4096,direct_kernel,49.17475,52.86,3.6852499999999964,7.494191632901015,0.3065204329983029,True,49.0995,53.422,52.298,49.25
qk_layernorm/17,direct_kernel,33.278000000000006,36.075500000000005,2.7974999999999994,8.406454714826616,0.8964819873526819,True,33.1295,36.245000000000005,35.906,33.426500000000004
wan_temb/17,direct_kernel,24.408250000000002,26.99375,2.585499999999996,10.592729917138666,-1.2762059841237572,True,24.565,27.5895,26.398,24.2515
rotate_half/17,direct_kernel,26.071749999999998,28.9225,2.8507500000000014,10.934248755837261,1.027430267748719,True,25.938499999999998,29.2155,28.6295,26.205
layernorm_modulate/17,direct_kernel,38.05225,42.23925,4.186999999999998,11.003291526782256,-0.6535348508264316,True,38.177,42.683,41.795500000000004,37.927499999999995
rmsnorm_modulate/17,direct_kernel,32.629,36.2785,3.6495000000000033,11.184835575714857,-1.2940943623159673,True,32.841499999999996,36.789,35.768,32.4165
residual_rmsnorm/17,direct_kernel,36.68275,41.78775,5.105000000000004,13.916622935848611,-0.618265324147671,True,36.7965,42.196,41.3795,36.569
