case,baseline_us,candidate_us,delta_us,delta_pct,baseline_drift_pct,outputs_equal,A1_us,B1_us,B2_us,A2_us
qwen_model_packed/4096,271.82125,59.12975,-212.69150000000002,-78.24682580924045,0.04875715258230162,True,271.755,59.0385,59.221000000000004,271.88750000000005
qwen_model_packed/17,105.15175,25.141750000000002,-80.01,-76.09003178739297,-1.8808290155440388,True,106.15,24.9625,25.321,104.15350000000001
"helios/(2, 17, 8, 128)",19.54725,14.847999999999999,-4.699249999999999,-24.040466050211663,-1.2581973463474116,True,19.671,14.843499999999999,14.8525,19.4235
ltx25/3/7/7,24.375,20.0845,-4.2905000000000015,-17.60205128205129,-1.1137629276053995,True,24.511499999999998,20.1025,20.066499999999998,24.238500000000002
interleaved_fp64/17,21.147750000000002,18.61425,-2.5335000000000036,-11.979997872114067,-1.317643742953778,True,21.288,18.566499999999998,18.662,21.0075
"helios/(1, 2160, 40, 128)",42.6175,37.72025,-4.89725,-11.49117146712031,-0.3303035982009095,True,42.688,37.718,37.7225,42.547
"modulate/(1, 512, 3072)",24.533,22.55775,-1.9752500000000026,-8.051400154893418,-0.5325527979348377,True,24.5985,22.551,22.564500000000002,24.4675
qwen_model_contiguous/17,24.55825,22.7425,-1.8157500000000013,-7.393645719870112,-1.0873747089197194,True,24.692500000000003,22.762999999999998,22.722,24.424
gelu_cat/17,20.17375,18.7015,-1.472249999999999,-7.297849928744027,-0.4229218707491378,True,20.2165,18.695,18.708,20.131
cat_pad/8/6/6,21.481250000000003,19.92675,-1.5545000000000044,-7.2365434972359814,-0.7212764970545904,True,21.559,19.8675,19.985999999999997,21.4035
cat_pad/512/30/52,25.751,24.01325,-1.737750000000002,-6.748281620131269,-0.5228808799891516,True,25.8185,23.915,24.1115,25.683500000000002
"modulate/(2, 1024, 3072)",29.201,27.393,-1.8079999999999998,-6.191568781891032,-1.2049833208523375,True,29.378,27.3955,27.3905,29.024
cat_pad/1024/30/52,29.943,28.147750000000002,-1.7952499999999993,-5.995558227298536,-0.6092993057983276,True,30.0345,28.0705,28.225,29.8515
"modulate/(1, 4096, 3072)",33.94125,32.1005,-1.8407499999999999,-5.423341803852244,-1.0419414402532245,True,34.119,32.1145,32.0865,33.7635
"helios/(1, 8640, 40, 128)",110.7865,105.913,-4.873500000000007,-4.399001683418113,-0.2533197508271301,True,110.927,105.94,105.886,110.646
residual/transposed_medium/torch.float16,37.88625,36.50750000000001,-1.3787499999999895,-3.6391830809330283,-0.2175202689341349,True,37.927499999999995,36.49,36.525000000000006,37.845
ltx25/18/17/30,127.1815,122.76175,-4.419749999999993,-3.4751516533457982,-0.18538957340759055,True,127.2995,122.722,122.8015,127.0635
residual/transposed_medium/torch.bfloat16,37.914,36.65,-1.264000000000003,-3.33386084296039,-0.005274957140977143,True,37.915,36.804,36.495999999999995,37.913
interleaved_fp64/4096,82.12,79.441,-2.679000000000002,-3.262299074525088,-0.24567932766568212,True,82.221,79.33850000000001,79.5435,82.019
residual/transposed_small/torch.float16,36.7225,35.55575,-1.1667499999999933,-3.177207434134366,-0.6514215919115163,True,36.8425,35.343,35.7685,36.6025
qwen_model_contiguous/4096,58.58925,56.7625,-1.826749999999997,-3.11789278749941,-0.7845970758245557,True,58.82,56.6165,56.908500000000004,58.3585
vdn/1/1,57.8935,56.09975,-1.7937500000000028,-3.098361646817005,-0.6250538097287928,True,58.075,56.1545,56.045,57.712
vdn/11/7,60.466499999999996,58.677,-1.7894999999999968,-2.9594899655180917,-0.39118593711314764,True,60.585,58.870000000000005,58.483999999999995,60.348
qknorm_pack_dense/17,22.561,21.9005,-0.660499999999999,-2.927618456628689,-1.7748099986820587,True,22.762999999999998,21.950499999999998,21.8505,22.359
residual/transposed_small/torch.bfloat16,36.96575,35.898,-1.0677499999999966,-2.888484610754538,0.025702767782265212,True,36.961,35.959,35.837,36.9705
residual/odd_width/torch.float16,25.73875,25.087,-0.6517499999999998,-2.53217425088631,-0.7566814390494225,True,25.8365,25.029,25.145,25.641
qknorm_complex_triton/17,32.415499999999994,31.621499999999997,-0.7939999999999969,-2.4494454813283717,1.201042765812188,True,32.221999999999994,31.5965,31.6465,32.608999999999995
residual/flux_text/torch.float16,29.777250000000002,29.069499999999998,-0.7077500000000043,-2.376814514436376,-0.29676575624968393,True,29.8215,29.108,29.031,29.733
residual/odd_width/torch.bfloat16,25.798750000000002,25.213,-0.5857500000000009,-2.2704588400600856,0.24643924399425643,True,25.767000000000003,25.211,25.215,25.8305
residual/flux_image/torch.float16,41.304,40.42575,-0.8782500000000013,-2.12630737943057,-1.057232651390172,True,41.5235,40.3605,40.491,41.0845
residual/flux_image/torch.bfloat16,42.2685,41.44925,-0.8192500000000038,-1.9382045731454967,-0.20561542824729662,True,42.312,41.332499999999996,41.566,42.225
qknorm_pack_strided/17,27.44325,26.916249999999998,-0.527000000000001,-1.92032649194247,-0.07467171763162472,True,27.4535,26.806,27.0265,27.433
qknorm_complex_triton/4096,51.753,50.7655,-0.9874999999999972,-1.9081019457809156,0.6435729931959511,True,51.587,50.6275,50.9035,51.919
"usp/(4, 33, 2, 4, 100)",18.990000000000002,18.6285,-0.36150000000000304,-1.9036334913112296,-0.6560818790184997,True,19.052500000000002,18.647,18.61,18.927500000000002
gelu_cat/4096,92.134,90.38425000000001,-1.7497499999999917,-1.8991360409837732,-0.29370485371654764,True,92.2695,90.318,90.4505,91.9985
residual/flux2_joint/torch.float16,56.301249999999996,55.397999999999996,-0.9032499999999999,-1.6043160675828672,-0.1091741816374392,True,56.332,55.454,55.342,56.2705
"usp/(2, 64, 3, 4, 64)",18.55525,18.271749999999997,-0.28350000000000364,-1.527869470904486,-1.2079494321833972,True,18.668,18.346,18.197499999999998,18.442500000000003
qknorm_complex_kv/17,45.55825,44.9105,-0.647750000000002,-1.4218061492704437,-0.3429272621695234,True,45.6365,44.8525,44.9685,45.480000000000004
residual/flux_text/torch.bfloat16,30.31475,29.88675,-0.4280000000000008,-1.4118539654788487,-0.2750646484278474,True,30.3565,29.872500000000002,29.901,30.273
sana_silu/torch.contiguous_format,29.67275,29.335,-0.3377499999999998,-1.1382497409239134,0.26152392522102996,True,29.634,29.1595,29.5105,29.7115
residual/sana_transposed/torch.bfloat16,138.093,136.622,-1.4709999999999752,-1.0652241605294765,-0.35564808188581765,True,138.339,136.718,136.526,137.84699999999998
model_glm_ln/17,49.082750000000004,48.605000000000004,-0.47775000000000034,-0.9733562198532053,0.5546815943775929,True,48.947,48.5125,48.697500000000005,49.218500000000006
residual/flux2_joint/torch.bfloat16,57.0155,56.467,-0.5485000000000042,-0.962019100069289,-0.18224032943442436,True,57.067499999999995,56.406,56.528,56.9635
rmsnorm_preserve/17,49.39575,48.92925,-0.46649999999999636,-0.9444132339320621,-0.6165676054774805,True,49.548500000000004,48.382000000000005,49.4765,49.242999999999995
residual/sana_transposed/torch.float16,135.56775,134.385,-1.1827499999999986,-0.8724420077783956,-0.13379183759218982,True,135.6585,134.1465,134.6235,135.477
qknorm_pack_strided/4096,95.95875,95.29425,-0.6644999999999897,-0.6924850521708437,-0.2887692187621971,True,96.0975,95.049,95.5395,95.82
residual/full_gate/torch.bfloat16,26.602249999999998,26.41975,-0.18249999999999744,-0.6860321965247218,-0.8179997379406001,True,26.7115,26.4215,26.418,26.493
residual/per_token/torch.float16,31.5255,31.316,-0.20950000000000202,-0.6645414029912367,-0.48414657300172026,True,31.602,31.2945,31.3375,31.448999999999998
model_glm_ln/4096,67.792,67.3475,-0.444500000000005,-0.6556820863818813,0.7744648714284708,True,67.5305,67.356,67.339,68.05350000000001
sana_glu/torch.contiguous_format,30.51025,30.316000000000003,-0.1942499999999967,-0.6366712826017418,-0.19482645710543478,True,30.54,29.98,30.652,30.4805
qknorm_pack_dense/4096,121.0915,120.34100000000001,-0.7504999999999882,-0.6197792578339412,-0.24991133508738272,True,121.243,120.374,120.308,120.94
residual/full_gate/torch.float16,26.3515,26.2115,-0.14000000000000057,-0.5312790543232859,-1.0982375363248642,True,26.497,26.1665,26.256500000000003,26.206
"usp/(4, 7936, 1, 14, 128)",83.40975,83.1235,-0.28624999999999545,-0.34318529908073936,-0.35723261408106,True,83.559,83.1285,83.1185,83.26050000000001
qknorm_complex_kv/4096,72.374,72.1315,-0.2424999999999926,-0.33506507861937873,-0.26907129009333675,True,72.47149999999999,72.138,72.125,72.2765
model_wan_slices/4096,42.6605,42.52475,-0.1357500000000016,-0.3182100537968413,-0.2317958323577507,True,42.71,42.454499999999996,42.595,42.611000000000004
residual/per_token/torch.bfloat16,31.667,31.56775,-0.09925000000000139,-0.3134177534973359,-0.9335072527541621,True,31.8155,31.6605,31.475,31.5185
sana_silu/torch.channels_last,30.130499999999998,30.159,0.02850000000000108,0.09458853985164772,-0.3048729971998121,True,30.1765,29.835,30.482999999999997,30.0845
sana_glu/torch.channels_last,30.46975,30.5415,0.07174999999999798,0.2354794509308311,-0.4045002702127265,True,30.5315,30.4085,30.674500000000002,30.408
complex_rope/4096,47.46775,47.5865,0.11874999999999858,0.25016985216277376,0.07270734765703057,True,47.450500000000005,47.338499999999996,47.8345,47.485
rmsnorm_preserve/4096,93.753,94.136,0.38299999999999557,0.4085202606849858,-0.03945761771967371,True,93.7715,94.1665,94.1055,93.7345
complex_rope/17,29.0095,29.17575,0.16625000000000156,0.573088126303456,-2.047117828690359,True,29.3095,29.029,29.322499999999998,28.7095
model_wan_slices/17,33.082499999999996,33.28475,0.20225000000000648,0.6113504118491875,0.06047320281201696,True,33.0725,33.0655,33.504,33.0925
model_ernie_rms/4096,55.87325,56.328500000000005,0.4552500000000066,0.8147906198404442,0.27151754110847914,True,55.7975,56.445,56.212,55.949
model_glm_qk/4096,74.94624999999999,75.60849999999999,0.6622500000000002,0.883633270510531,0.19967544392727188,True,74.8715,75.53049999999999,75.6865,75.021
qknorm_complex_cuda/4096,54.5675,55.465,0.8975000000000009,1.6447519127685828,-0.27816666209156127,True,54.6435,55.453,55.477,54.4915
model_glm_qk/17,40.461,41.199,0.7379999999999995,1.8239786461036633,0.9311333755447126,True,40.2735,40.738,41.66,40.6485
model_ernie_rms/17,39.44,40.262,0.8220000000000027,2.0841784989858114,-0.13682316872324352,True,39.467,40.2265,40.2975,39.413
joint_qkv/4096,70.98175,73.37825000000001,2.396500000000003,3.376219943858816,-0.45892192002250365,True,71.14500000000001,73.512,73.2445,70.8185
silu_mul/4096,41.35,42.872249999999994,1.5222499999999926,3.6813784764207824,-0.49935469863825466,True,41.453500000000005,42.6085,43.135999999999996,41.2465
qknorm_complex_cuda/17,20.5885,21.494500000000002,0.9060000000000024,4.400514850523352,-0.8271258585663133,True,20.674,21.593,21.396,20.503
qk_layernorm/4096,67.43775,70.9985,3.560750000000013,5.280054568843129,-0.024464015656977534,True,67.446,70.704,71.293,67.42949999999999
joint_qkv/17,41.545,43.885,2.3399999999999963,5.632446744493924,0.11801399308777327,True,41.5205,43.652,44.117999999999995,41.569500000000005
silu_mul/17,24.58325,26.02075,1.4375,5.8474774490760995,0.519994290258774,True,24.5195,25.7425,26.299,24.647
rotate_half/4096,38.98025,41.365,2.384750000000004,6.117841727541529,0.16817510751652165,True,38.9475,41.033500000000004,41.6965,39.013
layernorm_modulate/4096,57.358000000000004,61.02675,3.6687499999999957,6.396230691446703,0.2688500549920425,True,57.281000000000006,60.94,61.1135,57.435
wan_temb/4096,38.66825,41.2515,2.5832499999999996,6.680545408700933,0.6889751008810174,True,38.5355,40.947,41.556,38.801
residual_rmsnorm/4096,76.1925,82.00750000000001,5.815000000000012,7.63198477540441,-0.35896999194282575,True,76.3295,81.9145,82.10050000000001,76.0555
rotate_half/17,25.957,28.141000000000002,2.184000000000001,8.41391532149325,-0.4228817468860502,True,26.012,27.981,28.301000000000002,25.902
rmsnorm_modulate/4096,49.0015,53.388,4.386499999999998,8.951766782649507,0.04899008971310792,True,48.9895,53.1425,53.6335,49.0135
wan_temb/17,24.654249999999998,26.893,2.238750000000003,9.080584483405518,-1.6153691410179083,True,24.855,26.69,27.096,24.4535
qk_layernorm/17,33.29875,36.57875,3.280000000000001,9.850219602837939,1.8717793270688121,True,32.99,36.226,36.9315,33.6075
layernorm_modulate/17,38.4005,42.491,4.090499999999999,10.652205049413421,0.7239558831216408,True,38.262,42.236000000000004,42.746,38.539
rmsnorm_modulate/17,32.6535,36.84225,4.188749999999999,12.827874500436387,-2.459165154264975,True,33.06,36.463499999999996,37.221000000000004,32.247
residual_rmsnorm/17,36.605999999999995,42.308,5.702000000000005,15.576681418346737,-1.2110021993537834,True,36.829,42.235,42.381,36.382999999999996
